FR- 
FR- Paris

# 91: Essonne
FR- Angervilliers
FR- Athis-mons
FR- Bouray-sur-juine
FR- Breuillet
FR- Brunoy
FR- Bures-sur-yvette 
FR- Cheptainville
FR- Chilly-mazarin
FR- Clichy
FR- Corbeil-essonnes
FR- Courcouronnes
FR- Dourdan
FR- Draveil
FR- Etampes
FR- Palaiseau
FR- Evry
FR- Gif-sur-yvette
FR- Grigny
FR- Igny
FR- Juvisy-sur-orge
FR- Leudeville
FR- Longjumeau
FR- Marolles-en-hurepoix
FR- Mennecy
FR- Orsay
FR- Ris-orangis
FR- Saint-pierre-du-perray
FR- Saintry-sur-seine
FR- Saulx-les-chartreux
FR- Savigny-sur-orge
FR- Yerres 

# 92: Hauts-de-Seine
FR- Antony
FR- Bagneux
FR- Bois-colombes
FR- Boulogne-billancourt
FR- Bourg-la-reine
FR- Chatenay-malabry
FR- Chatillon
FR- Chaville
FR- Clamart
FR- Colombes
FR- Courbevoie
FR- Fontenay-aux-roses
FR- Rueil-malmaison
FR- Gagny
FR- Issy-les-moulineaux
FR- La Defense
FR- Le Plessis
FR- Levallois-perret
FR- Nanterre
FR- Neuilly-sur-seine
FR- Malabry
FR- Malakoff
FR- Meudon
FR- Montrouge
FR- Puteaux
FR- Saint-cloud
FR- Sceaux
FR- Sevres
FR- Suresnes
FR- Vanves
FR- Villeneuve
FR- Villeneuve-la-garenne

# 93: Seine-Saint-Denis 
FR- Aulnay-sous-bois
FR- La Courneuve
FR- Bagnolet
FR- Bobigny
FR- Bondy
FR- Clichy-sous-bois
FR- Drancy
FR- Dugny
FR- Epinay-sur-seine
FR- Le Bourget
FR- Le Blanc
FR- Le Pre-saint-gervais
FR- Le Raincy
FR- Les Lilas
FR- Livry-gargan
FR- Montfermeil
FR- Montreuil
FR- Neuilly-plaisance
FR- Neuilly-sur-marne
FR- Noisy
FR- Noisy-le-grand
FR- Pantin
FR- Pierrefitte-sur-seine
FR- Rosny-sous-bois
FR- Saint Denis
FR- Saint-ouen
FR- Sevran
FR- Stains
FR- Tremblay
FR- Villemomble
FR- Villepinte

# 94: Val-de-Marne
FR- Alfortville
FR- Arcueil
FR- Cachan
FR- Champigny-sur-marne
FR- Charenton
FR- Charenton-le-pont
FR- Chennevieres-sur-marne
FR- Chevilly-larue
FR- Choisy-le-roi
FR- Creteil
FR- Fontenay-sous-bois
FR- Fresnes
FR- Gentilly
FR- Ivry-sur-seine
FR- Joinville-le-pont
FR- Le Kremlin-bicetre
FR- Le Perreux
FR- Limeil-brevannes
FR- Maisons-alfort
FR- Mandres-les-roses
FR- Montesson
FR- Noisy-le-sec
FR- Nogent-sur-marne
FR- Ormesson
FR- Ormesson-sur-marne
FR- Orly
FR- Rungis
FR- Saint-maur-des-fosses
FR- Sucy-en-brie
FR- Thiais
FR- Valenton
FR- Vitry-sur-seine
FR- Villejuif
FR- Villiers-sur-marne
FR- Vincennes

# 95: Val-d-Oise
FR- Argenteuil
FR- Asnieres
FR- Baillet-en-france
FR- Beaumont-sur-oise
FR- Bezons
FR- Chaumontel
FR- Domont
FR- Eaubonne
FR- Ermont
FR- Enghien-les-bains
FR- Ezanville
FR- Franconville
FR- Frepillon 
FR- Cergy
FR- Garges-les-gonesse
FR- Gonesse
FR- Goussainville
FR- Groslay
FR- Herblay
FR- Jouy-le-moutier
FR- La Frette
FR- Marines
FR- Marly-la-ville
FR- Mery-sur-oise
FR- Montigny-les-cormeilles
FR- Montmagny
FR- Montmorency
FR- Persan
FR- Pierrelaye
FR- Saint-gratien
FR- Saint-leu-la-foret
FR- Sannois
FR- Sarcelles
FR- Soisy-sous-montmorency
FR- Taverny
FR- Viarmes

# 77: Seine-et-Marne 
FR- Bailly-romainvilliers
FR- Brou-sur-chantereine
FR- Brie-comte-robert
FR- Bussy-saint-georges
FR- Cesson
FR- Champs-sur-marne
FR- Champdeuil
FR- Chateau-landon
FR- Chelles
FR- Combs-la-ville
FR- Cormeilles-en-parisis
FR- Couilly-pont-aux-dames
FR- Coulommiers
FR- Dammartin-en-goele
FR- Dampmart
FR- Emerainville
FR- Gouaix 
FR- Jouy-sur-morin
FR- Le Chatelet
FR- Le Chesnay
FR- Le Mee-sur-seine
FR- Lesigny
FR- Lizy-sur-ourcq
FR- Magny-le-hongre
FR- Marolles-sur-seine
FR- Meaux
FR- Melun
FR- Melz-sur-seine
FR- Montevrain
FR- Montigny-sur-loing
FR- Mormant
FR- Mitry-mory
FR- Nangis
FR- Noisiel
FR- Othis
FR- Pontault
FR- Pontcarre
FR- Rebais
FR- Roissy-en-brie
FR- Saint-mammes
FR- Saint-pathus
FR- Thorigny-sur-marne
FR- Torcy
FR- Vert-saint-denis
FR- Villeparisis
FR- Villeneuve-sur-bellot

# 78: Yvelines
FR- Bonnieres-sur-seine
FR- Beynes
FR- Chanteloup-les-vignes
FR- Chapet
FR- Chatou
FR- Conflans-sainte-honorine
FR- Croissy-sur-seine
FR- Elancourt
FR- Fontenay-le-fleury
FR- Gargenville
FR- Guyancourt
FR- Hardricourt
FR- Houilles
FR- La Celle
FR- Le Port-marly
FR- Le Vesinet
FR- Les Clayes-sous-bois
FR- Les Mureaux
FR- Louveciennes
FR- Mantes-la-jolie
FR- Maisons-laffitte 
FR- Marly-le-roi
FR- Maurepas
FR- Meulan
FR- Montigny-le-bretonneux
FR- Orgerus
FR- Plaisir
FR- Poissy
FR- Rambouillet
FR- Saint-germain-en-laye
FR- Saint-nom-la-breteche
FR- Sartrouville
FR- Toussus-le-noble
FR- Trappes
FR- Triel-sur-seine
FR- Velizy-villacoublay
FR- Versailles
FR- Villeneuve-le-comte
FR- Voisins-le-bretonneux

# 01: Ain
FR- Gex
FR- Jassans-riottier
FR- Oyonnax

# 02: Aisne
FR- Chateau-thierry
FR- Domptin

# 03: Allier
FR- Montluon

# 06: Alpes-Maritimes
FR- Cannes
FR- Juan-les-pins
FR- Le Cannet
FR- Menton
FR- Nice
FR- Thorenc

# 08: Ardennes
FR- Charleville-mezieres

# 09: Ariege
FR- Saint-girons

# 10: Aube
FR- Saint-andre-les-vergers
FR- Troyes

# 11: Aude
FR- Narbonne
FR- Sainte-valiere

# 13: Bouches-du-Rhone
FR- Aix-en-provence
FR- Arles
FR- Aubagne
FR- Bouc-bel-air
FR- Calas
FR- Gardanne
FR- Gignac-la-nerthe
FR- Istres
FR- Marseille
FR- Saint-mitre-les-remparts
FR- Salon-de-provence
FR- Vitrolles

# 14: Calvados
FR- Caen
FR- Cahagnes
FR- Epron
FR- Ifs
FR- Mezidon

# 16: Charente
FR- Saint-sornin
FR- Soyaux

# 17: Charente-Maritime 
FR- Arvert
FR- Bois
FR- Massac
FR- Muron
FR- Soubise

# 18: Cher
FR- Boulleret
FR- Bourges
FR- Cours-les-barres
FR- Vierzon

# 19: Correze 
FR- Brive-la-gaillarde
FR- Malemort
FR- Uzerche

# 21: Cote-d’Or
FR- Chatillon-sur-seine
FR- Dijon
FR- Genlis

# 22: Cotes-d'Armor
FR- Plouha
FR- Saint-quay-portrieux

# 25: Doubs
FR- Audincourt
FR- Besanon
FR- Dambenois
FR- Montbeliard 

# 26: Drome
FR- Savasse
FR- Valence

# 27: Eure
FR- Evreux
FR- Le Vaudreuil
FR- Pacy-sur-eure

# 28: Eure-et-Loir
FR- Auneau
FR- Chartres
FR- Cloyes-sur-le-loir
FR- Gallardon
FR- Luce

# 29: Finistere
FR- Brest
FR- Ergue-gaberic

# 30: Gard
FR- Milhaud
FR- Nimes
FR- Villeneuve-les-avignon

# 31: Haute-Garonne
FR- Blagnac
FR- Cazeres
FR- Muret
FR- Portet-sur-garonne
FR- Saint-beat
FR- Toulouse

# 33: Gironde
FR- Bordeaux
FR- Burdigala
FR- Eysines
FR- Gradignan
FR- Le Barp
FR- Lormont
FR- Merignac
FR- Parempuyre
FR- Pessac
FR- Portets
FR- Saint-medard-en-jalles
FR- Talence

# 34: Herault
FR- Beziers
FR- Frontignan
FR- Jacou
FR- Lattes
FR- Montpellier
FR- Valergues
FR- Valros
FR- Vendargues
FR- Sauvian

# 35: Ille-et-Vilaine 
FR- Cesson-sevigne
FR- Maure-de-bretagne
FR- Montfort-sur-meu
FR- Rennes

# 36: Indre
FR- Chatillon-sur-indre

# 37: Indre-et-Loire
FR- Fondettes
FR- Joue-les-tours
FR- Saint-cyr-sur-loire
FR- Tours

# 38: Isere
FR- Chasse-sur-rhne
FR- Grenoble
FR- L isle-d abeau
FR- Moidieu
FR- Pont-Eveque
FR- Saint-martin-d heres
FR- Tullins
FR- Viriville

# 39: Jura
FR- Le Deschaux
FR- La Ferte
FR- Poligny

# 40: Landes
FR- Geloux
FR- Seignosse

# 42: Loire
FR- La Ricamarie
FR- La Fouillouse
FR- Roanne
FR- Saint-Etienne
FR- Saint Etienne
FR- Saint-priest-en-jarez

# 43: Haute-Loire 
FR- Allegre

# 44: Loire-Atlantique 
FR- Carquefou
FR- Chateaubriant
FR- Donges
FR- La Chapelle
FR- Lege
FR- Machecoul
FR- Nantes
FR- Saffre
FR- Saint-herblain
FR- Saint-jean-de-boiseau
FR- Saint-mars-du-desert

# 45: Loiret
FR- Baule
FR- Beaugency
FR- Coullons
FR- Malesherbes
FR- Meung-sur-loire
FR- Montargis
FR- Montereau
FR- Nogent-sur-vernisson
FR- Orleans
FR- Saint-jean-de-la-ruelle
FR- Villemandeur

# 46: Lot
FR- Cahors

# 47: Lot-et-Garonne 
FR- Sainte-bazeille

# 49: Maine-et-Loire 
FR- Angers
FR- Loire
FR- Le Pont
FR- La Menitre
FR- Montigne-les-rairies

# 50: Manche
FR- Agon-coutainville
FR- Granville

# 51: Marne
FR- Chalons-en-champagne
FR- Nuisement-sur-coole
FR- Reims
FR- Tinqueux

# 53: Mayenne
FR- Mayenne
FR- Place

# 54: Meurthe-et-Moselle 
FR- Dombasle-sur-meurthe 
FR- Ecrouves
FR- Faulx
FR- Leyr
FR- Nancy
FR- Ville-au-val

# 55: Meuse
FR- Bar-le-duc

# 56: Morbihan
FR- Lauzach
FR- Montertelot
FR- Ploemeur
FR- Tredion

# 57: Moselle
FR- Abreschviller
FR- Hayange
FR- Hombourg-haut
FR- La Maxe
FR- Merlebach
FR- Saint-avold
FR- Thionville

# 58: Nievre
FR- Vauzelles

# 59: Nord
FR- Armentieres
FR- Bailleul
FR- Croix
FR- Dunkirk
FR- Genech
FR- Hallennes-lez-haubourdin
FR- Houplines
FR- Illies
FR- Loos
FR- Marly
FR- Maubeuge
FR- Peronne-en-melantois
FR- Phalempin
FR- Rubrouck
FR- Saint-amand-les-eaux
FR- Saint Andre
FR- Tourcoing
FR- Valenciennes
FR- Wavrin

# 60: Oise
FR- Beauvais
FR- Breuil-le-sec
FR- Chantilly
FR- Compiegne
FR- Crepy-en-valois
FR- Epineuse
FR- Gouvieux
FR- Ercuis
FR- Estrees-saint-denis
FR- Lagny
FR- Liancourt
FR- Mello
FR- Montataire
FR- Mortefontaine
FR- Senlis
FR- Ver-sur-launette

# 61: Orne
FR- Alenon
FR- Bagnoles-de-l orne

# 62: Pas-de-Calais 
FR- Achicourt
FR- Arques
FR- Auchy-les-mines
FR- Bavincourt
FR- Calais
FR- Carvin
FR- Frethun
FR- Lens
FR- Lillers
FR- Marles-les-mines

# 63: Puy-de-Dome 
FR- Clermont-ferrand
FR- Cournon
FR- Ours
FR- Saint-Eloy-les-mines

# 64: Pyrenees-Atlantiques
FR- Hendaye
FR- Lons
FR- Mazeres-lezons
FR- Mouguerre
FR- Pau

# 66: Pyrenees-Orientales
FR- Bompas
FR- Perpignan

# 67: Bas-Rhin
FR- Fegersheim
FR- Illkirch-graffenstaden
FR- Selestat
FR- Strasbourg

# 68 : Haut-Rhin
FR- Bitschwiller-les-thann
FR- Lauw
FR- Mulhouse
FR- Rixheim

# 69: Rhone
FR- Amplepuis
FR- Brignais
FR- Ecully
FR- Francheville
FR- Lyon
FR- Oullins
FR- Saint-priest
FR- Saint Priest
FR- Tassin-la-demi-lune
FR- Thurins
FR- Villeurbanne

# 70: Haute-Saone 
FR- Ancier

# 71: Saone-et-Loire 
FR- Autun
FR- Change

# 72: Sarthe
FR- Arnage
FR- Chateau-du-loir
FR- Le Mans

# 73: Savoie
FR- Jacob-bellecombette

# 74: Haute-Savoie 
FR- Chavanod
FR- Lugrin
FR- Megeve
FR- Meythet

# 76: Seine-Maritime 
FR- Belleville-en-caux
FR- Bonsecours
FR- Carrieres-sur-seine
FR- Harfleur
FR- Le Houlme
FR- Le Havre
FR- Rouen
FR- Sotteville-les-rouen

# 79: Deux-Sevres 
FR- Adilly

# 80: Somme
FR- Amiens
FR- Corbie
FR- Villers-bretonneux
FR- Rue
FR- Saleux
FR- Yzeux

# 81: Tarn
FR- Lagrave

# 82: Tarn-et-Garonne 
FR- Caussade

# 83: Var
FR- Hyeres
FR- Saint-raphael
FR- Toulon

# 84: Vaucluse
FR- Apt
FR- Avignon
FR- Cadenet
FR- Orange
FR- Le Pontet

# 85: Vendee
FR- Cugand
FR- Fontenay-le-comte
FR- Le Poire
FR- Saint-jean-de-monts
FR- Venansault

# 86: Vienne
FR- Chatellerault
FR- Poitiers
FR- Saint-sauvant

# 87: Haute-Vienne 
FR- Saint-junien
FR- Limoges
FR- Saint-brice-sur-vienne

# 88: Vosges
FR- Darnieulles
FR- Plombieres-les-bains
FR- Remiremont
FR- Saint-die
FR- Thaon-les-vosges
FR- Vecoux

# 89: Yonne
FR- Auxerre
FR- Sens

# 90: Territoire de Belfort
FR- Belfort
FR- Danjoutin
FR- Valdoie

# 972: Martinique
MQ- Ducos
MQ- Le Robert
MQ- La Trinite
MQ- Saint-joseph

# 974: La Reunion
RE- Les Avirons
RE- Saint-benoit
RE- La Riviere
RE- Saint-andre
RE- Saint-denis
RE- Sainte-marie

# 987: Polynesie française
PF- Papeete
